{
	"info": {
		"_postman_id": "b945fe81-4f94-42b4-83cb-659fc8119326",
		"name": "Praneeth - Java Exam",
		"schema": "https://schema.getpostman.com/json/collection/v2.1.0/collection.json"
	},
	"item": [
		{
			"name": "register",
			"request": {
				"method": "POST",
				"header": [],
				"body": {
					"mode": "raw",
					"raw": "{\r\n    \"username\": \"pra00004\",\r\n    \"email\": \"praneeth.04@gmail.com\",\r\n    \"firstName\":  \"Praneeth\",\r\n    \"lastName\":  \"Abc\",\r\n    \"password\": \"abcd1234\",\r\n    \"role\": [\"admin\"]\r\n}",
					"options": {
						"raw": {
							"language": "json"
						}
					}
				},
				"url": {
					"raw": "http://localhost:9005/api/register",
					"protocol": "http",
					"host": [
						"localhost"
					],
					"port": "9005",
					"path": [
						"api",
						"register"
					]
				}
			},
			"response": []
		},
		{
			"name": "authenticate",
			"request": {
				"method": "POST",
				"header": [],
				"body": {
					"mode": "raw",
					"raw": "{\r\n    \"username\": \"pra00004\",\r\n    \"password\": \"abcd1234\"\r\n}",
					"options": {
						"raw": {
							"language": "json"
						}
					}
				},
				"url": {
					"raw": "http://localhost:9005/api/authenticate",
					"protocol": "http",
					"host": [
						"localhost"
					],
					"port": "9005",
					"path": [
						"api",
						"authenticate"
					]
				}
			},
			"response": []
		},
		{
			"name": "/users",
			"request": {
				"method": "GET",
				"header": [],
				"url": {
					"raw": "http://localhost:9005/api/users",
					"protocol": "http",
					"host": [
						"localhost"
					],
					"port": "9005",
					"path": [
						"api",
						"users"
					]
				}
			},
			"response": []
		},
		{
			"name": "http://localhost:9005/api/users/1",
			"request": {
				"method": "GET",
				"header": [],
				"url": {
					"raw": "http://localhost:9005/api/users/1",
					"protocol": "http",
					"host": [
						"localhost"
					],
					"port": "9005",
					"path": [
						"api",
						"users",
						"1"
					]
				}
			},
			"response": []
		},
		{
			"name": "http://localhost:9005/api/users/1",
			"request": {
				"method": "PUT",
				"header": [],
				"body": {
					"mode": "raw",
					"raw": "{\r\n    \"name\": \"Praneeth V\",\r\n    \"email\": \"praneeth.01@gmail.com\",\r\n    \"password\": \"efgh1234\",\r\n    \"address\": \"Bangalore, Karnataka, India\"\r\n}",
					"options": {
						"raw": {
							"language": "json"
						}
					}
				},
				"url": {
					"raw": "http://localhost:9005/api/users/1",
					"protocol": "http",
					"host": [
						"localhost"
					],
					"port": "9005",
					"path": [
						"api",
						"users",
						"1"
					]
				}
			},
			"response": []
		},
		{
			"name": "http://localhost:9005/api/users/3",
			"request": {
				"method": "DELETE",
				"header": [],
				"url": {
					"raw": "http://localhost:9005/api/users/14",
					"protocol": "http",
					"host": [
						"localhost"
					],
					"port": "9005",
					"path": [
						"api",
						"users",
						"14"
					]
				}
			},
			"response": []
		},
		{
			"name": "/food",
			"request": {
				"auth": {
					"type": "bearer",
					"bearer": [
						{
							"key": "token",
							"value": "eyJhbGciOiJIUzUxMiJ9.eyJzdWIiOiJwcmEwMDAwNCIsImlhdCI6MTY0NTE4ODg5MCwiZXhwIjoxNjQ1Mjc1MjkwfQ.zafWse_gPlu178de0GzVs8LQSBD_h5czuNmbbpoA4TIVRszVeamuPotAMismgU8oedmcrC59jJC2N0lEVC5aWg",
							"type": "string"
						}
					]
				},
				"method": "POST",
				"header": [],
				"body": {
					"mode": "raw",
					"raw": "{\r\n    \"foodName\": \"Samosa\",\r\n    \"foodCost\": 85,\r\n    \"foodType\": \"Indian\",\r\n    \"description\": \"A samosa is a fried or baked pastry with a savory filling, including ingredients such as spiced potatoes, onions, or peas.\",\r\n    \"foodPic\": \"https://curlytales.com/wp-content/uploads/2019/11/Samosa-Recipe.jpg\"\r\n}",
					"options": {
						"raw": {
							"language": "json"
						}
					}
				},
				"url": {
					"raw": "http://localhost:9005/api/food",
					"protocol": "http",
					"host": [
						"localhost"
					],
					"port": "9005",
					"path": [
						"api",
						"food"
					]
				}
			},
			"response": []
		},
		{
			"name": "/food/5",
			"request": {
				"method": "PUT",
				"header": [],
				"body": {
					"mode": "raw",
					"raw": "{\r\n    \"foodName\": \"Pizza\",\r\n    \"foodCost\": 190,\r\n    \"foodType\": \"Mexican\",\r\n    \"description\": \"Pizza is a dish of Italian origin consisting of a usually round, flat base of leavened wheat-based dough topped with tomatoes\",\r\n    \"foodPic\": \"https://cdn.britannica.com/08/177308-050-94D9D6BE/Food-Pizza-Basil-Tomato.jpg\"\r\n}",
					"options": {
						"raw": {
							"language": "json"
						}
					}
				},
				"url": {
					"raw": "http://localhost:9005/api/food/5",
					"protocol": "http",
					"host": [
						"localhost"
					],
					"port": "9005",
					"path": [
						"api",
						"food",
						"5"
					]
				}
			},
			"response": []
		},
		{
			"name": "http://localhost:9005/api/food/",
			"request": {
				"method": "GET",
				"header": [],
				"url": {
					"raw": "http://localhost:9005/api/food/",
					"protocol": "http",
					"host": [
						"localhost"
					],
					"port": "9005",
					"path": [
						"api",
						"food",
						""
					]
				}
			},
			"response": []
		},
		{
			"name": "/food/:foodID",
			"request": {
				"method": "GET",
				"header": [],
				"url": {
					"raw": "http://localhost:9005/api/food/5",
					"protocol": "http",
					"host": [
						"localhost"
					],
					"port": "9005",
					"path": [
						"api",
						"food",
						"5"
					]
				}
			},
			"response": []
		},
		{
			"name": "/food/type/Indian",
			"request": {
				"method": "GET",
				"header": [],
				"url": {
					"raw": "http://localhost:9005/api/food/type/Indian",
					"protocol": "http",
					"host": [
						"localhost"
					],
					"port": "9005",
					"path": [
						"api",
						"food",
						"type",
						"Indian"
					]
				}
			},
			"response": []
		},
		{
			"name": "/food/9",
			"request": {
				"method": "DELETE",
				"header": [],
				"url": {
					"raw": "http://localhost:9005/api/food/15",
					"protocol": "http",
					"host": [
						"localhost"
					],
					"port": "9005",
					"path": [
						"api",
						"food",
						"15"
					]
				}
			},
			"response": []
		}
	]
}